Id,sales_pred
1461,114588.85815887329
1462,150109.07909704637
1463,173299.41838757388
1464,182467.84474004246
1465,198563.4821803992
1466,172176.49420955963
1467,180443.27190609864
1468,160317.26203309518
1469,212093.32761444832
1470,112572.37433040357
