Id,sales_pred
1461,112027.49503169126
1462,155109.6054880991
1463,176432.26447908598
1464,189301.8427609512
1465,210905.8420511038
1466,168829.93839492847
1467,187753.74836419045
1468,157755.2501157168
1469,209177.0561046863
1470,113876.87774133688
