Manufacturer,Model,Weight_pred
Audi,100,3331.703032402902
Pontiac,Sunbird,2574.999999999999
Chevrolet,Lumina,3194.9999999999995
Mazda,RX-7,2894.9999999999936
Volkswagen,Fox,2240.0000000000005
